-- Inserindo dados na tabela pedido_compra
INSERT INTO public.pedido_compra (pedido_id, data_pedido, item, produto_id, descricao_produto, ordem_compra, qtde_pedida, filial_id, data_entrega, qtde_entregue, qtde_pendente, preco_compra, fornecedor_id) VALUES
(1, '2025-02-10', 1, 'P1', 'Caneta Azul', 1001, 50, 1, '2025-02-20', 40, 10, 1.50, 200),
(2, '2025-02-05', 2, 'P2', 'Caderno 100fls', 1002, 30, 5, '2025-02-15', 30, 0, 5.25, 201),
(3, '2025-02-10', 3, 'P3', 'Lápis Preto', 1003, 100, 4, '2025-02-25', 0, 100, 0.80, 200),
(4, '2025-02-01', 4, 'P4', 'Borracha Branca', 1004, 80, 2, '2025-02-10', 80, 0, 0.90, 202),
(5, '2025-02-12', 5, 'P5', 'Marcador Permanente', 1005, 40, 1, '2025-02-22', 40, 0, 2.10, 202),
(7, '2025-02-01', 7, 'P7', 'Pasta L', 1007, 60, 3, '2025-02-02', 60, 0, 1.20, 201),
(8, '2025-02-11', 8, 'P8', 'Envelope A4', 1008, 90, 2, '2025-02-28', 90, 0, 0.60, 204),
(9, '2025-02-15', 9, 'P9', 'Corretivo', 1009, 25, 5, '2025-02-25', 20, 5, 3.75, 202),
(10, '2025-02-27', 10, 'P10', 'Apontador', 1010, 70, 5, '2025-02-28', 70, 0, 1.10, 205),
(11, '2025-02-18', 11, 'P11', 'Mochila', 1011, 20, 4, '2025-02-23', 20, 0, 15.50, 201),
(12, '2025-02-20', 12, 'P12', 'Estojo', 1012, 10, 3, '2025-02-25', 10, 0, 22.00, 304);


-- Inserindo dados na tabela entradas_mercadoria
INSERT INTO public.entradas_mercadoria (ordem_compra, data_entrada, nro_nfe, item, produto_id, descricao_produto, qtde_recebida, filial_id, custo_unitario) VALUES
(1001, '2025-02-20', 'NF123', 1, 'P1', 'Caneta Azul', 40, 1, 1.50),
(1002, '2025-02-15', 'NF124', 2, 'P2', 'Caderno 100fls', 30, 5, 5.25),
(1004, '2025-02-10', 'NF125', 4, 'P4', 'Borracha Branca', 80, 1, 0.90),
(1005, '2025-02-22', 'NF126', 5, 'P5', 'Marcador Permanente', 40, 1, 2.10),
(1007, '2025-02-02', 'NF127', 7, 'P7', 'Pasta L', 60, 1, 1.20),
(1008, '2025-02-28', 'NF128', 8, 'P8', 'Envelope A4', 90, 2, 0.60),
(1009, '2025-02-25', 'NF129', 9, 'P9', 'Corretivo', 20, 5, 3.75),
(1010, '2025-02-28', 'NF130', 10, 'P10', 'Apontador', 70, 5, 1.10),
(1011, '2025-02-23', 'NF131', 11, 'P11', 'Mochila', 20, 4, 15.50),
(1012, '2025-02-25', 'NF132', 12, 'P12', 'Estojo', 10, 3, 22.00);


-- Inserindo dados na tabela venda
INSERT INTO public.venda (venda_id, data_emissao, horariomov, produto_id, qtde_vendida, valor_unitario, filial_id, item, unidade_medida) VALUES
(5001, '2025-02-25', '10:15:00', 'P1', 20, 2.00, 1, 1, 'UN'),
(5002, '2025-02-20', '14:30:00', 'P2', 15, 6.00, 5, 2, 'UN'),
(5003, '2025-02-22', '09:50:00', 'P1', 10, 2.00, 1, 1, 'UN'),
(5004, '2025-02-17', '13:00:00', 'P4', 25, 1.20, 1, 4, 'UN'),
(5005, '2025-02-28', '11:00:00', 'P5', 10, 2.80, 1, 5, 'UN'),
(5006, '2025-02-21', '08:30:00', 'P1', 5, 2.00, 1, 1, 'UN'),
(5007, '2025-02-17', '12:00:00', 'P2', 5, 6.00, 5, 2, 'UN'),
(5008, '2025-02-25', '09:10:00', 'P4', 5, 1.20, 1, 4, 'UN'),
(5009, '2025-02-28', '13:20:00', 'P5', 15, 2.80, 1, 5, 'UN'),
(5010, '2025-02-20', '16:30:00', 'P7', 30, 1.80, 1, 7, 'UN'),
(5011, '2025-03-01', '11:45:00', 'P8', 20, 0.90, 2, 8, 'UN'),
(5012, '2025-02-28', '14:00:00', 'P10', 40, 1.50, 5, 10, 'UN'),
(5013, '2025-02-27', '10:00:00', 'P12', 10, 22.00, 3, 12, 'UN'),
(5014, '2025-02-24', '16:50:00', 'P11', 15, 15.50, 4, 11, 'UN'),
(5015, '2025-02-26', '13:10:00', 'P9', 20, 3.75, 5, 8, 'UN');





